{"stats":{"minecraft:crafted":{"minecraft:wooden_sword":1,"minecraft:oak_planks":48,"minecraft:crafting_table":1,"minecraft:stick":8,"minecraft:wooden_pickaxe":1,"minecraft:iron_ingot":17,"minecraft:stone_pickaxe":1,"minecraft:wooden_axe":1,"minecraft:furnace":1,"minecraft:cooked_mutton":4},"minecraft:picked_up":{"minecraft:crafting_table":4,"minecraft:raw_iron":17,"minecraft:oak_log":12,"minecraft:dirt":1,"minecraft:black_wool":1,"minecraft:mutton":4,"minecraft:coal":23,"minecraft:white_wool":2,"minecraft:cobblestone":14,"minecraft:furnace":1},"minecraft:killed":{"minecraft:sheep":3},"minecraft:custom":{"minecraft:time_since_rest":17400,"minecraft:interact_with_furnace":7,"minecraft:sprint_one_cm":87768,"minecraft:damage_taken":535,"minecraft:walk_one_cm":45141,"minecraft:mob_kills":3,"minecraft:damage_dealt":624,"minecraft:swim_one_cm":12646,"minecraft:interact_with_crafting_table":7,"minecraft:fly_one_cm":73972,"minecraft:crouch_one_cm":764,"minecraft:play_time":27278,"minecraft:deaths":1,"minecraft:sneak_time":434,"minecraft:walk_under_water_one_cm":4807,"minecraft:jump":568,"minecraft:walk_on_water_one_cm":3335,"minecraft:time_since_death":18379,"minecraft:total_world_time":27278,"minecraft:fall_one_cm":13487},"minecraft:mined":{"minecraft:furnace":1,"minecraft:iron_ore":18,"minecraft:crafting_table":4,"minecraft:grass":5,"minecraft:grass_block":1,"minecraft:oak_log":12,"minecraft:coal_ore":23,"minecraft:tall_grass":3,"minecraft:stone":16},"minecraft:used":{"minecraft:wooden_axe":19,"minecraft:cooked_mutton":4,"minecraft:stone_pickaxe":45,"minecraft:wooden_pickaxe":14,"minecraft:dirt":1,"minecraft:cobblestone":1,"minecraft:crafting_table":4,"minecraft:furnace":1}},"DataVersion":3465}