{"stats":{"minecraft:picked_up":{"minecraft:crafting_table":7,"minecraft:leather":2,"minecraft:oak_log":15,"minecraft:dirt":20,"minecraft:wheat_seeds":1,"minecraft:cobbled_deepslate":5,"minecraft:beef":9,"minecraft:furnace":1,"minecraft:raw_iron":61,"minecraft:torch":4,"minecraft:bundle":1,"minecraft:rotten_flesh":6,"minecraft:granite":2,"tombstone:essence_of_undeath":1,"minecraft:black_wool":1,"minecraft:coal":23,"minecraft:mutton":7,"minecraft:white_wool":4,"minecraft:cobblestone":22},"minecraft:broken":{"minecraft:wooden_sword":1,"minecraft:wooden_axe":1},"minecraft:used":{"minecraft:cooked_mutton":4,"minecraft:stone_sword":43,"minecraft:stone_pickaxe":122,"minecraft:wooden_pickaxe":14,"minecraft:iron_chestplate":1,"minecraft:torch":79,"minecraft:dirt":14,"minecraft:crafting_table":7,"minecraft:granite":1,"minecraft:wooden_axe":42,"minecraft:stone_axe":14,"minecraft:wooden_sword":59,"minecraft:cobblestone":5,"minecraft:furnace":2,"tombstone:gift":2,"minecraft:cooked_beef":7,"minecraft:cobbled_deepslate":1,"minecraft:iron_leggings":1},"minecraft:crafted":{"minecraft:cooked_beef":7,"minecraft:wooden_sword":1,"minecraft:oak_planks":48,"minecraft:crafting_table":1,"minecraft:wooden_pickaxe":1,"minecraft:furnace":1,"minecraft:stone_axe":1,"minecraft:cooked_mutton":4,"minecraft:iron_chestplate":1,"minecraft:stick":72,"minecraft:iron_ingot":17,"minecraft:stone_pickaxe":1,"minecraft:wooden_axe":1,"minecraft:stone_sword":1,"minecraft:iron_leggings":1,"minecraft:torch":76},"minecraft:killed":{"minecraft:spider":2,"minecraft:sheep":5,"minecraft:zombie":10,"minecraft:cow":4},"minecraft:mined":{"minecraft:tuff":2,"minecraft:crafting_table":7,"minecraft:torch":1,"minecraft:granite":3,"minecraft:grass_block":6,"minecraft:tall_grass":7,"minecraft:cobblestone":3,"minecraft:lapis_ore":1,"minecraft:diorite":1,"minecraft:wall_torch":2,"minecraft:furnace":1,"minecraft:iron_ore":35,"minecraft:grass":8,"minecraft:oak_log":15,"minecraft:coal_ore":23,"minecraft:deepslate_iron_ore":27,"minecraft:dirt":15,"minecraft:stone":22,"minecraft:deepslate":8},"minecraft:custom":{"minecraft:interact_with_furnace":11,"minecraft:mob_kills":22,"minecraft:interact_with_crafting_table":11,"minecraft:leave_game":7,"minecraft:time_since_death":650,"minecraft:time_since_rest":1,"minecraft:sprint_one_cm":223091,"minecraft:damage_taken":2014,"minecraft:walk_one_cm":161167,"minecraft:damage_dealt":3518,"minecraft:swim_one_cm":14036,"minecraft:fly_one_cm":163327,"minecraft:crouch_one_cm":764,"minecraft:play_time":78920,"tombstone:undead_killed":10,"minecraft:deaths":4,"minecraft:sneak_time":526,"minecraft:walk_under_water_one_cm":17487,"minecraft:jump":1242,"minecraft:walk_on_water_one_cm":21934,"minecraft:total_world_time":78920,"minecraft:fall_one_cm":31113}},"DataVersion":3465}