{"stats":{"minecraft:broken":{"minecraft:wooden_axe":1,"minecraft:wooden_sword":1},"minecraft:crafted":{"minecraft:cooked_beef":7,"minecraft:wooden_sword":1,"minecraft:oak_planks":48,"minecraft:iron_chestplate":1,"minecraft:crafting_table":1,"minecraft:stick":72,"minecraft:stone_sword":1,"minecraft:wooden_pickaxe":1,"minecraft:iron_ingot":17,"minecraft:stone_pickaxe":1,"minecraft:wooden_axe":1,"minecraft:iron_leggings":1,"minecraft:furnace":1,"minecraft:torch":76,"minecraft:stone_axe":1,"minecraft:cooked_mutton":4},"minecraft:picked_up":{"minecraft:crafting_table":6,"minecraft:raw_iron":27,"minecraft:leather":2,"minecraft:torch":2,"minecraft:oak_log":12,"minecraft:dirt":12,"minecraft:rotten_flesh":2,"minecraft:wheat_seeds":1,"minecraft:cobbled_deepslate":5,"minecraft:beef":9,"minecraft:black_wool":1,"minecraft:mutton":7,"minecraft:coal":23,"minecraft:white_wool":4,"minecraft:cobblestone":15,"minecraft:furnace":1},"minecraft:killed":{"minecraft:sheep":5,"minecraft:zombie":5,"minecraft:spider":1,"minecraft:cow":4},"minecraft:custom":{"minecraft:time_since_rest":41400,"minecraft:interact_with_furnace":9,"minecraft:sprint_one_cm":171858,"minecraft:damage_taken":907,"minecraft:walk_one_cm":84453,"minecraft:mob_kills":16,"minecraft:damage_dealt":2394,"minecraft:swim_one_cm":12668,"minecraft:interact_with_crafting_table":11,"minecraft:fly_one_cm":124331,"tombstone:undead_killed":5,"minecraft:crouch_one_cm":764,"minecraft:play_time":51278,"minecraft:deaths":1,"minecraft:sneak_time":468,"minecraft:walk_under_water_one_cm":7266,"minecraft:jump":871,"minecraft:walk_on_water_one_cm":14715,"minecraft:time_since_death":42379,"minecraft:total_world_time":51278,"minecraft:fall_one_cm":19356},"minecraft:mined":{"minecraft:furnace":1,"minecraft:iron_ore":18,"minecraft:crafting_table":6,"minecraft:granite":2,"minecraft:grass":8,"minecraft:grass_block":5,"minecraft:oak_log":12,"minecraft:coal_ore":23,"minecraft:deepslate_iron_ore":10,"minecraft:dirt":7,"minecraft:tall_grass":7,"minecraft:cobblestone":1,"minecraft:stone":16,"minecraft:diorite":1,"minecraft:wall_torch":2,"minecraft:deepslate":6},"minecraft:used":{"minecraft:wooden_axe":42,"minecraft:cooked_mutton":4,"minecraft:stone_sword":9,"minecraft:stone_pickaxe":72,"minecraft:wooden_pickaxe":14,"minecraft:iron_chestplate":1,"minecraft:torch":26,"minecraft:wooden_sword":59,"minecraft:dirt":10,"minecraft:cobblestone":3,"minecraft:crafting_table":7,"minecraft:furnace":1,"minecraft:cooked_beef":5,"minecraft:cobbled_deepslate":1,"minecraft:iron_leggings":1}},"DataVersion":3465}