{"stats":{"minecraft:broken":{"minecraft:wooden_axe":1},"minecraft:crafted":{"minecraft:cooked_beef":7,"minecraft:wooden_sword":1,"minecraft:oak_planks":48,"minecraft:iron_chestplate":1,"minecraft:crafting_table":1,"minecraft:stick":72,"minecraft:wooden_pickaxe":1,"minecraft:iron_ingot":17,"minecraft:stone_pickaxe":1,"minecraft:wooden_axe":1,"minecraft:iron_leggings":1,"minecraft:furnace":1,"minecraft:torch":76,"minecraft:cooked_mutton":4},"minecraft:picked_up":{"minecraft:crafting_table":6,"minecraft:raw_iron":17,"minecraft:leather":2,"minecraft:oak_log":12,"minecraft:dirt":10,"minecraft:wheat_seeds":1,"minecraft:beef":9,"minecraft:black_wool":1,"minecraft:mutton":7,"minecraft:coal":23,"minecraft:white_wool":4,"minecraft:cobblestone":15,"minecraft:furnace":1},"minecraft:killed":{"minecraft:sheep":5,"minecraft:cow":4},"minecraft:custom":{"minecraft:time_since_rest":29400,"minecraft:interact_with_furnace":8,"minecraft:sprint_one_cm":124982,"minecraft:damage_taken":593,"minecraft:walk_one_cm":64932,"minecraft:mob_kills":10,"minecraft:damage_dealt":1343,"minecraft:swim_one_cm":12646,"minecraft:interact_with_crafting_table":9,"minecraft:fly_one_cm":100125,"minecraft:crouch_one_cm":764,"minecraft:play_time":39278,"minecraft:deaths":1,"minecraft:sneak_time":434,"minecraft:walk_under_water_one_cm":4807,"minecraft:jump":739,"minecraft:walk_on_water_one_cm":3335,"minecraft:time_since_death":30379,"minecraft:total_world_time":39278,"minecraft:fall_one_cm":16593},"minecraft:mined":{"minecraft:furnace":1,"minecraft:iron_ore":18,"minecraft:crafting_table":6,"minecraft:grass":8,"minecraft:grass_block":5,"minecraft:oak_log":12,"minecraft:coal_ore":23,"minecraft:dirt":5,"minecraft:tall_grass":7,"minecraft:cobblestone":1,"minecraft:stone":16},"minecraft:used":{"minecraft:wooden_axe":42,"minecraft:cooked_mutton":4,"minecraft:stone_pickaxe":46,"minecraft:wooden_pickaxe":14,"minecraft:iron_chestplate":1,"minecraft:torch":1,"minecraft:wooden_sword":23,"minecraft:dirt":1,"minecraft:cobblestone":3,"minecraft:crafting_table":6,"minecraft:furnace":1,"minecraft:cooked_beef":1,"minecraft:iron_leggings":1}},"DataVersion":3465}