{"stats":{"minecraft:picked_up":{"minecraft:oak_log":6},"minecraft:mined":{"minecraft:oak_log":6,"minecraft:oak_leaves":1},"minecraft:custom":{"minecraft:jump":137,"minecraft:time_since_rest":7780,"minecraft:damage_taken":265,"minecraft:leave_game":7,"minecraft:time_since_death":10179,"minecraft:play_time":16959,"minecraft:walk_one_cm":7898,"minecraft:walk_on_water_one_cm":15,"minecraft:deaths":1,"minecraft:sneak_time":140,"minecraft:total_world_time":16959,"minecraft:walk_under_water_one_cm":3684,"minecraft:fall_one_cm":627,"minecraft:fly_one_cm":1036}},"DataVersion":3465}