{"stats":{"minecraft:mined":{"minecraft:oak_log":6,"minecraft:oak_leaves":1},"minecraft:picked_up":{"minecraft:oak_log":6},"minecraft:custom":{"minecraft:jump":118,"minecraft:time_since_rest":4607,"minecraft:deaths":1,"minecraft:walk_on_water_one_cm":15,"minecraft:leave_game":4,"minecraft:play_time":13786,"minecraft:damage_taken":265,"minecraft:time_since_death":7006,"minecraft:walk_one_cm":6874,"minecraft:sneak_time":140,"minecraft:total_world_time":13786,"minecraft:walk_under_water_one_cm":3684,"minecraft:fall_one_cm":418,"minecraft:fly_one_cm":981}},"DataVersion":3465}